-- phpMyAdmin SQL Dump
-- version 5.0.2
-- https://www.phpmyadmin.net/
--
-- Host: 127.0.0.1
-- Generation Time: May 08, 2022 at 08:30 PM
-- Server version: 10.4.13-MariaDB
-- PHP Version: 7.2.32

SET SQL_MODE = "NO_AUTO_VALUE_ON_ZERO";
START TRANSACTION;
SET time_zone = "+00:00";


/*!40101 SET @OLD_CHARACTER_SET_CLIENT=@@CHARACTER_SET_CLIENT */;
/*!40101 SET @OLD_CHARACTER_SET_RESULTS=@@CHARACTER_SET_RESULTS */;
/*!40101 SET @OLD_COLLATION_CONNECTION=@@COLLATION_CONNECTION */;
/*!40101 SET NAMES utf8mb4 */;

--
-- Database: `km-dbs`
--

-- --------------------------------------------------------

--
-- Table structure for table `attendance`
--

CREATE TABLE `attendance` (
  `id` int(11) NOT NULL,
  `username` char(6) NOT NULL,
  `employee_id` int(3) UNSIGNED ZEROFILL NOT NULL,
  `department_id` char(3) NOT NULL,
  `shift_id` int(1) NOT NULL,
  `location_id` int(1) NOT NULL,
  `in_time` int(11) NOT NULL,
  `notes` varchar(120) NOT NULL,
  `image` varchar(50) NOT NULL,
  `lack_of` varchar(11) NOT NULL,
  `in_status` varchar(15) NOT NULL,
  `out_time` int(11) NOT NULL,
  `out_status` varchar(15) NOT NULL
) ENGINE=InnoDB DEFAULT CHARSET=latin1;

--
-- Dumping data for table `attendance`
--

INSERT INTO `attendance` (`id`, `username`, `employee_id`, `department_id`, `shift_id`, `location_id`, `in_time`, `notes`, `image`, `lack_of`, `in_status`, `out_time`, `out_status`) VALUES
(48, 'ADM011', 011, 'ADM', 1, 1, 1589381121, '', 'item-200513-ad6953a07e.jpg', 'Notes', 'Late', 1589381127, 'Over Time'),
(49, 'PCD010', 010, 'PCD', 2, 1, 1589384432, 'asdasd', '', 'None,image', 'Late', 1589384514, 'Over Time'),
(50, 'ADM011', 011, 'ADM', 1, 1, 1589391038, '', '', 'Notes,image', 'On Time', 1589391056, 'Early'),
(51, 'PCD010', 010, 'PCD', 3, 1, 1622553388, 'testing', 'item-210601-3946bb00df.png', 'None', 'Late', 1622553470, 'Over Time'),
(52, 'PCD010', 010, 'PCD', 3, 2, 1631893356, 'none', '', 'None,image', 'Late', 1631893413, 'Over Time'),
(53, 'STD026', 026, 'STD', 1, 1, 1631894335, 'none', '', 'None,image', 'Late', 1631894403, 'Over Time'),
(54, 'ADM011', 011, 'ADM', 1, 2, 1631894692, 'demo', '', 'None,image', 'Late', 1631894696, 'Over Time'),
(55, 'QCD027', 027, 'QCD', 6, 2, 1631499386, 'none..', '', 'None,image', 'Late', 1631529057, 'Early'),
(56, 'QCD027', 027, 'QCD', 6, 2, 1631583036, 'none', '', 'None,image', 'Late', 1631611849, 'Early'),
(58, 'QCD027', 027, 'QCD', 6, 1, 1631733350, 'none', '', 'None,image', 'Late', 1631797356, 'Early'),
(59, 'QCD027', 027, 'QCD', 6, 4, 1631863331, 'none', '', 'None,image', 'Late', 1631896539, 'Early'),
(60, 'QCD027', 027, 'QCD', 6, 1, 1631214919, 'none', '', 'None,image', 'Late', 1631250936, 'Over Time'),
(61, 'STD026', 026, 'STD', 1, 2, 1631493955, 'none', '', 'None,image', 'On Time', 1631523613, 'Over Time'),
(62, 'ADM011', 011, 'ADM', 1, 1, 1631584873, 'none', '', 'None,image', 'Late', 1631621603, 'Over Time'),
(63, 'QCD027', 027, 'QCD', 6, 2, 1632109417, 'this is a demo note!', '', 'None,image', 'Late', 1632109437, 'Early'),
(64, 'ACD002', 002, 'ACD', 2, 3, 1632109840, 'demo demo', '', 'None,image', 'On Time', 1632109845, 'Early'),
(65, 'STD026', 026, 'STD', 1, 2, 1632109903, 'test', '', 'None,image', 'Late', 1632109905, 'Early'),
(66, 'ABX029', 029, 'ABX', 1, 1, 1633545392, 'saya tadi telat, plis jgn potong gaji', 'item-211007-45fcaf3390.jpg', 'None', 'On Time', 1633545396, 'Early'),
(67, 'ACD030', 030, 'ACD', 1, 2, 1634184442, 'ahalo', 'item-211014-8ca05d9614.jpg', 'None', 'Late', 1634184451, 'Over Time'),
(70, 'ADM011', 011, 'ADM', 1, 1, 1652034408, '', '', 'Notes,image', 'Late', 1652034411, 'Early');

-- --------------------------------------------------------

--
-- Table structure for table `department`
--

CREATE TABLE `department` (
  `id` char(3) NOT NULL,
  `name` varchar(50) NOT NULL
) ENGINE=InnoDB DEFAULT CHARSET=latin1;

--
-- Dumping data for table `department`
--

INSERT INTO `department` (`id`, `name`) VALUES
('ABX', 'Deluxe'),
('ACD', 'Room Deluxe 1'),
('ADM', 'Room Deluxe 2'),
('HRD', 'Room Deluxe 3'),
('PCD', 'Room Deluxe 4'),
('PLD', 'Room Deluxe 5'),
('QCD', 'Room Deluxe 6'),
('SCD', 'Room Deluxe 7'),
('STD', 'Room Deluxe 8');

-- --------------------------------------------------------

--
-- Table structure for table `employee`
--

CREATE TABLE `employee` (
  `id` int(10) UNSIGNED ZEROFILL NOT NULL,
  `name` varchar(50) NOT NULL,
  `email` varchar(128) NOT NULL,
  `gender` char(1) NOT NULL,
  `image` varchar(128) NOT NULL,
  `birth_date` date NOT NULL,
  `hire_date` date NOT NULL,
  `shift_id` int(2) NOT NULL
) ENGINE=InnoDB DEFAULT CHARSET=latin1;

--
-- Dumping data for table `employee`
--

INSERT INTO `employee` (`id`, `name`, `email`, `gender`, `image`, `birth_date`, `hire_date`, `shift_id`) VALUES
(0000000002, 'Idris', 'intan@gmail.com', 'F', 'item-211006-9334a5650f.jpg', '1998-02-01', '2020-03-01', 0),
(0000000005, 'Andre', 'clarita@gmail.com', 'F', 'item-211006-44359cb977.jpg', '1996-04-06', '2020-04-08', 0),
(0000000008, 'Markplier', 'weve@gmail.com', 'M', 'item-211006-594f1723be.jpg', '2000-11-07', '2020-03-01', 0),
(0000000010, 'mr muffins', 'ddry@gmail.com', 'M', 'item-211006-068f047c8d.png', '2000-12-01', '2020-04-06', 0),
(0000000011, 'Marcus', 'udin@gmail.com', 'M', 'default.png', '1993-10-12', '2020-05-03', 1),
(0000000024, 'optimus', '123@fmail.com', 'M', 'item-211006-f19131b318.jpeg', '2001-12-31', '2020-04-28', 0),
(0000000025, 'Admin ', 'admin@admin.com', 'M', 'default.png', '0000-00-00', '0000-00-00', 0),
(0000000026, 'leehead', 'peee@gmail.com', 'F', 'item-210516-ab8e9ef52f.jpg', '1995-04-01', '2021-05-16', 1),
(0000000027, 'Snarlog', 'johnny@mail.com', 'M', 'item-211006-48b863a7b6.jpg', '1993-04-01', '2021-08-13', 1),
(0000000029, 'billy', 'poo@gmail.com', 'M', 'item-211006-1f1cb24d7c.jpg', '1998-09-01', '2004-07-02', 0),
(0000000030, 'Markus', 'markus123@gmail.com', 'M', 'item-211014-ebf280754b.jpg', '2001-12-31', '2021-10-07', 1);

-- --------------------------------------------------------

--
-- Table structure for table `employee_department`
--

CREATE TABLE `employee_department` (
  `id` int(3) NOT NULL,
  `employee_id` int(3) UNSIGNED ZEROFILL NOT NULL,
  `department_id` char(3) NOT NULL
) ENGINE=InnoDB DEFAULT CHARSET=latin1;

--
-- Dumping data for table `employee_department`
--

INSERT INTO `employee_department` (`id`, `employee_id`, `department_id`) VALUES
(2, 002, 'ACD'),
(5, 005, 'STD'),
(8, 008, 'STD'),
(10, 010, 'PCD'),
(21, 011, 'ADM'),
(25, 024, 'HRD'),
(26, 026, 'STD'),
(27, 027, 'QCD'),
(29, 029, 'ABX'),
(30, 030, 'ACD');

-- --------------------------------------------------------

--
-- Table structure for table `location`
--

CREATE TABLE `location` (
  `id` int(1) NOT NULL,
  `name` varchar(50) NOT NULL
) ENGINE=InnoDB DEFAULT CHARSET=latin1;

--
-- Dumping data for table `location`
--

INSERT INTO `location` (`id`, `name`) VALUES
(1, 'Home'),
(2, 'Office'),
(3, 'Store'),
(4, 'Site');

-- --------------------------------------------------------

--
-- Table structure for table `shift`
--

CREATE TABLE `shift` (
  `id` int(1) NOT NULL,
  `start` time NOT NULL,
  `end` time NOT NULL
) ENGINE=InnoDB DEFAULT CHARSET=latin1;

--
-- Dumping data for table `shift`
--

INSERT INTO `shift` (`id`, `start`, `end`) VALUES
(1, '01:00:00', '23:00:00'),
(2, '12:00:00', '08:00:00'),
(3, '09:00:00', '07:00:00'),
(6, '08:00:00', '05:00:00');

-- --------------------------------------------------------

--
-- Table structure for table `users`
--

CREATE TABLE `users` (
  `username` char(6) NOT NULL,
  `password` varchar(128) NOT NULL,
  `employee_id` int(3) UNSIGNED ZEROFILL NOT NULL,
  `role_id` int(1) NOT NULL
) ENGINE=InnoDB DEFAULT CHARSET=latin1;

--
-- Dumping data for table `users`
--

INSERT INTO `users` (`username`, `password`, `employee_id`, `role_id`) VALUES
('ABX029', '$2y$10$JVMIb0XDzycSD1Ps4/AdruaiFDrXSqjrkrDNq/m7znOx5Xs2w.Edq', 029, 2),
('ACD002', '$2y$10$mQU/XB1tY2b/v3SeUUR4w.7sTRpSu7LjQNYRWLr0AEs0hRlc.McrW', 002, 2),
('ACD030', '$2y$10$KsfsOV0c4rLqlk09xRaUhOHXvnIkWsjxcZc3WR4X.6TWYDm/AYLtK', 030, 2),
('ADM011', '$2y$10$Iv.zW.pnCm6vyU1jjS4.8u6sHmn6TAHuErs8JS7pl/ibpoIa91hvu', 011, 2),
('admin', '$2y$10$7rLSvRVyTQORapkDOqmkhetjF6H9lJHngr4hJMSM2lHObJbW5EQh6', 025, 1),
('HRD024', '$2y$10$G.cEskSbq2fNpAQdxBlKFOU0R5V1BAmZYTxTkMOzYDKqzPPg3YBoG', 024, 2),
('PCD010', '$2y$10$BKpQcs4XKavCcYdFWujzx.Xqb7r9eNkDrOYss2VNXrMJUUpm1agUC', 010, 2),
('QCD027', '$2y$10$peALJo.JKZyD6uMBd41UfuHGQSJe7ExOfDhPITvDbSRRXeWUGY9xy', 027, 2),
('STD005', '$2y$10$V3T4r.zzTU/Yc02TThF9z.JrunyuGLRB/2MncyGx3t0cxILk0rzzG', 005, 2),
('STD008', '$2y$10$F6LVED44855/hYtbogqBMOhLMhvqeBVRDatzaJY2lKS5YF6YEZjpq', 008, 2),
('STD026', '$2y$10$8WNMvEEgNPWyRuSeeLDE1uXwnBkYNJE/heLT1zWbsUfYb/wKFyYIy', 026, 2);

-- --------------------------------------------------------

--
-- Table structure for table `user_access`
--

CREATE TABLE `user_access` (
  `id` int(2) NOT NULL,
  `role_id` int(1) NOT NULL,
  `menu_id` int(2) NOT NULL
) ENGINE=InnoDB DEFAULT CHARSET=latin1;

--
-- Dumping data for table `user_access`
--

INSERT INTO `user_access` (`id`, `role_id`, `menu_id`) VALUES
(1, 1, 1),
(2, 1, 2),
(3, 2, 3),
(4, 2, 4),
(5, 1, 5);

-- --------------------------------------------------------

--
-- Table structure for table `user_menu`
--

CREATE TABLE `user_menu` (
  `id` int(2) NOT NULL,
  `menu` varchar(20) NOT NULL
) ENGINE=InnoDB DEFAULT CHARSET=latin1;

--
-- Dumping data for table `user_menu`
--

INSERT INTO `user_menu` (`id`, `menu`) VALUES
(1, 'Admin'),
(2, 'Master'),
(3, 'Attendance'),
(4, 'Profile'),
(5, 'Report');

-- --------------------------------------------------------

--
-- Table structure for table `user_role`
--

CREATE TABLE `user_role` (
  `id` int(1) NOT NULL,
  `name` varchar(20) NOT NULL
) ENGINE=InnoDB DEFAULT CHARSET=latin1;

--
-- Dumping data for table `user_role`
--

INSERT INTO `user_role` (`id`, `name`) VALUES
(1, 'Admin'),
(2, 'penyewa');

-- --------------------------------------------------------

--
-- Table structure for table `user_submenu`
--

CREATE TABLE `user_submenu` (
  `id` int(2) NOT NULL,
  `menu_id` int(2) NOT NULL,
  `title` varchar(20) NOT NULL,
  `url` varchar(50) NOT NULL,
  `icon` varchar(50) NOT NULL,
  `is_active` int(1) NOT NULL
) ENGINE=InnoDB DEFAULT CHARSET=latin1;

--
-- Dumping data for table `user_submenu`
--

INSERT INTO `user_submenu` (`id`, `menu_id`, `title`, `url`, `icon`, `is_active`) VALUES
(1, 1, 'Dashboard', 'admin', 'fas fa-fw fa-tachometer-alt', 1),
(2, 2, 'Department', 'master', 'fas fa-fw fa-building', 1),
(3, 2, 'Jam sewa', 'master/shift', 'fas fa-fw fa-exchange-alt', 1),
(4, 2, 'Penyewa', 'master/employee', 'fas fa-fw fa-id-badge', 1),
(6, 3, 'Form sewa', 'attendance', 'fas fa-fw fa-clipboard-list', 1),
(7, 3, 'Statistik', 'attendance/stats', 'fas fa-fw fa-chart-pie', 0),
(8, 4, 'Profile Saya', 'profile', 'fas fa-fw fa-id-card', 1),
(9, 2, 'Data Penyewa', 'master/users', 'fas fa-fw fa-users', 1),
(11, 5, 'Print Report', 'report', 'fas fa-fw fa-paste', 1);

--
-- Indexes for dumped tables
--

--
-- Indexes for table `attendance`
--
ALTER TABLE `attendance`
  ADD PRIMARY KEY (`id`),
  ADD KEY `username` (`username`),
  ADD KEY `employee_id` (`employee_id`),
  ADD KEY `department_id` (`department_id`),
  ADD KEY `shift_id` (`shift_id`),
  ADD KEY `location_id` (`location_id`);

--
-- Indexes for table `department`
--
ALTER TABLE `department`
  ADD PRIMARY KEY (`id`);

--
-- Indexes for table `employee`
--
ALTER TABLE `employee`
  ADD PRIMARY KEY (`id`);

--
-- Indexes for table `employee_department`
--
ALTER TABLE `employee_department`
  ADD PRIMARY KEY (`id`),
  ADD KEY `employee_department_ibfk_1` (`employee_id`),
  ADD KEY `employee_department_ibfk_2` (`department_id`);

--
-- Indexes for table `location`
--
ALTER TABLE `location`
  ADD PRIMARY KEY (`id`);

--
-- Indexes for table `shift`
--
ALTER TABLE `shift`
  ADD PRIMARY KEY (`id`);

--
-- Indexes for table `users`
--
ALTER TABLE `users`
  ADD PRIMARY KEY (`username`),
  ADD KEY `employee_id` (`employee_id`),
  ADD KEY `role_id` (`role_id`);

--
-- Indexes for table `user_access`
--
ALTER TABLE `user_access`
  ADD PRIMARY KEY (`id`),
  ADD KEY `menu_id` (`menu_id`),
  ADD KEY `role_id` (`role_id`);

--
-- Indexes for table `user_menu`
--
ALTER TABLE `user_menu`
  ADD PRIMARY KEY (`id`);

--
-- Indexes for table `user_role`
--
ALTER TABLE `user_role`
  ADD PRIMARY KEY (`id`);

--
-- Indexes for table `user_submenu`
--
ALTER TABLE `user_submenu`
  ADD PRIMARY KEY (`id`),
  ADD KEY `menu_id` (`menu_id`);

--
-- AUTO_INCREMENT for dumped tables
--

--
-- AUTO_INCREMENT for table `attendance`
--
ALTER TABLE `attendance`
  MODIFY `id` int(11) NOT NULL AUTO_INCREMENT, AUTO_INCREMENT=71;

--
-- AUTO_INCREMENT for table `employee`
--
ALTER TABLE `employee`
  MODIFY `id` int(10) UNSIGNED ZEROFILL NOT NULL AUTO_INCREMENT, AUTO_INCREMENT=33;

--
-- AUTO_INCREMENT for table `employee_department`
--
ALTER TABLE `employee_department`
  MODIFY `id` int(3) NOT NULL AUTO_INCREMENT, AUTO_INCREMENT=33;

--
-- AUTO_INCREMENT for table `location`
--
ALTER TABLE `location`
  MODIFY `id` int(1) NOT NULL AUTO_INCREMENT, AUTO_INCREMENT=5;

--
-- AUTO_INCREMENT for table `shift`
--
ALTER TABLE `shift`
  MODIFY `id` int(1) NOT NULL AUTO_INCREMENT, AUTO_INCREMENT=7;

--
-- AUTO_INCREMENT for table `user_access`
--
ALTER TABLE `user_access`
  MODIFY `id` int(2) NOT NULL AUTO_INCREMENT, AUTO_INCREMENT=6;

--
-- AUTO_INCREMENT for table `user_menu`
--
ALTER TABLE `user_menu`
  MODIFY `id` int(2) NOT NULL AUTO_INCREMENT, AUTO_INCREMENT=6;

--
-- AUTO_INCREMENT for table `user_role`
--
ALTER TABLE `user_role`
  MODIFY `id` int(1) NOT NULL AUTO_INCREMENT, AUTO_INCREMENT=3;

--
-- AUTO_INCREMENT for table `user_submenu`
--
ALTER TABLE `user_submenu`
  MODIFY `id` int(2) NOT NULL AUTO_INCREMENT, AUTO_INCREMENT=12;

--
-- Constraints for dumped tables
--

--
-- Constraints for table `attendance`
--
ALTER TABLE `attendance`
  ADD CONSTRAINT `attendance_ibfk_1` FOREIGN KEY (`username`) REFERENCES `users` (`username`) ON UPDATE CASCADE,
  ADD CONSTRAINT `attendance_ibfk_2` FOREIGN KEY (`employee_id`) REFERENCES `employee` (`id`) ON UPDATE CASCADE,
  ADD CONSTRAINT `attendance_ibfk_3` FOREIGN KEY (`department_id`) REFERENCES `department` (`id`) ON UPDATE CASCADE,
  ADD CONSTRAINT `attendance_ibfk_4` FOREIGN KEY (`shift_id`) REFERENCES `shift` (`id`) ON UPDATE CASCADE,
  ADD CONSTRAINT `attendance_ibfk_5` FOREIGN KEY (`location_id`) REFERENCES `location` (`id`) ON UPDATE CASCADE;

--
-- Constraints for table `employee_department`
--
ALTER TABLE `employee_department`
  ADD CONSTRAINT `employee_department_ibfk_1` FOREIGN KEY (`employee_id`) REFERENCES `employee` (`id`) ON DELETE CASCADE ON UPDATE CASCADE,
  ADD CONSTRAINT `employee_department_ibfk_2` FOREIGN KEY (`department_id`) REFERENCES `department` (`id`) ON DELETE CASCADE ON UPDATE CASCADE;

--
-- Constraints for table `users`
--
ALTER TABLE `users`
  ADD CONSTRAINT `users_ibfk_1` FOREIGN KEY (`employee_id`) REFERENCES `employee` (`id`) ON UPDATE CASCADE,
  ADD CONSTRAINT `users_ibfk_2` FOREIGN KEY (`role_id`) REFERENCES `user_role` (`id`) ON UPDATE CASCADE;

--
-- Constraints for table `user_access`
--
ALTER TABLE `user_access`
  ADD CONSTRAINT `user_access_ibfk_1` FOREIGN KEY (`menu_id`) REFERENCES `user_menu` (`id`) ON UPDATE CASCADE,
  ADD CONSTRAINT `user_access_ibfk_2` FOREIGN KEY (`role_id`) REFERENCES `user_role` (`id`) ON UPDATE CASCADE;

--
-- Constraints for table `user_submenu`
--
ALTER TABLE `user_submenu`
  ADD CONSTRAINT `user_submenu_ibfk_1` FOREIGN KEY (`menu_id`) REFERENCES `user_menu` (`id`) ON UPDATE CASCADE;
COMMIT;

/*!40101 SET CHARACTER_SET_CLIENT=@OLD_CHARACTER_SET_CLIENT */;
/*!40101 SET CHARACTER_SET_RESULTS=@OLD_CHARACTER_SET_RESULTS */;
/*!40101 SET COLLATION_CONNECTION=@OLD_COLLATION_CONNECTION */;
